Citation All,h-index All,i10-index All,First_Name,Last_Name
3585,24,52,Christensen,Robert K
355,7,5,Puspitasari,Ajeng J.
54182,115,260,Stice,Eric
30607,86,152,Abikoff,Howard
-,-,-,Donenberg,Geri R.
-,-,-,Butler,Daniel M.
-,-,-,Ihme,Toni Alexander
57476,90,1337,Zhang,Nan
162,6,5,Kingsley,David C.
-,-,-,Enos,Ryan D.
36928,81,168,Green,Donald P.
72,3,2,Costa,Mia
849,15,21,Li,Xiaojun
2032,15,16,Barber,Michael
1538,18,23,Bechtel,Michael M.
216363,206,1053,Allen,Barbara
-,-,-,Boas,Taylor C.
2836,19,22,Ryan,Timothy J.
2596,22,30,Dowling,Conor M.
156,5,5,Sumaktoyo,Nathanael Gratias
356,9,9,Gubler,Joshua Ronald
36928,81,168,Green,Donald P.
-,-,-,Battaglini,Marco
2656,21,25,Searles,Kathleen
7860,29,51,Nyhan,Brendan
1035,15,16,Krupnikov,Yanna
1132,14,16,Al-Ubaydli,Omar
1339,15,17,Clifford,Scott
2185,18,22,Broockman,David E.
391,8,8,Mironova,Vera
5265,33,64,Brache,Jose
1514,18,22,Martin,IsaacÂ William
1500,21,46,Chatterjee,Chirantan
10469,56,161,Hill,L.M.
3897,28,48,Zajacova,Anna
2280,26,44,van der Meulen Rodgers,Yana
3631,33,60,Markowitz,Sara
505,12,14,Richardson,Eugene T.
100,6,4,Lee,Juyeon
-,-,-,Van Dyke,Miriam E.
560,6,4,Kusuma,Dian
88,5,4,Kim,Younoh
6204,18,28,Engel,L.
731,16,24,Xu,Hongwei
-,-,-,Tomata,Yasutake
782,14,16,Wu,Qiaobing
-,-,-,Bean,Christopher G.
3025,26,35,Cornwell,Benjamin
1129,18,22,Bauldry,Shawn
11002,54,203,Cruz,Taylor M.
372,5,3,Hajizadeh,Mohammad
24387,77,205,Moen,Phyllis
-,-,-,Morrissey,Taryn W.
2904,28,40,Ziol-Guest,Kathleen M.
-,-,-,Okeke,Edward N.
1255,19,31,Youde,Jeremy
-,-,-,Smith Fawzi,Mary C.
-,-,-,Ariizumi,Hideki
8119,33,54,Harel-Fisch,Yossi
872,13,15,Paxson,Christina
-,-,-,McLaughlin,Katie A.
-,-,-,van den Boogaard,Th. Michael
-,-,-,Stoddard,Pamela
-,-,-,Wright,Annemarie
-,-,-,Ishida,Kanako
-,-,-,Patterson,Andrew C.
1825,20,23,Aakvik,Arild
27,1,1,Allin,Sara
3795,23,36,Mair,Christina
2457,28,64,Miller,Edward Alan
-,-,-,Pickett,Kate E.
-,-,-,Ben-Arye,Eran
-,-,-,Gyimah,Stephen Obeng
-,-,-,Seib,Charrlotte
-,-,-,Cooper,Kristy S.
2832,18,22,Seaton,Marjorie
1280,17,24,Hendricks,Lutz
806,6,6,Baron,Matthew
13750,59,150,Atkin,David
3653,23,37,Haushofer,Johannes
-,-,-,Vogl,Tom S.
66673,102,223,Card,David
1543,12,13,Barreca,Alan
3937,20,25,Sprenger,Charles
673,9,9,Persson,Petra
-,-,-,Morgenstern,Jon
3682,22,29,Fournier,Jay C.
-,-,-,Shahar,Eldad
-,-,-,Hierro,MarÃ­a JosÃ©
3452,28,43,Gibler,Douglas M.
2979,22,26,Berrebi,Claude
158,5,3,Brown,Robert L.
4036,16,20,Koremenos,Barbara
19737,69,110,Dreher,Axel
359,10,10,Wallace,Geoffrey P. R.
-,-,-,Behrendt,Hadar
1772,21,27,Fuhrmann,Matthew
-,-,-,Akcinaroglu,Seden
1212,16,19,Kisangani,Emizet F.
1364,14,17,Leibbrandt,Andreas
637,12,14,Clare,Joe
7707,38,60,Gartzke,Erik
343,9,9,Clayton,Amanda
-,-,-,Belchior,Ana Maria
-,-,-,Horne,Cynthia M.
15795,37,54,Mian,Atif
4295,23,28,Baird,Sarah
-,-,-,Pinkovskiy,Maxim
653,9,9,Squicciarini,Mara P.
15795,37,54,Mian,Atif
-,-,-,Dal BÃ³,Ernesto
-,-,-,Fryer,Roland G.
1665,8,8,Lee,David S.
3683,14,14,Ahern,Kenneth R.
1595,13,13,Kellogg,Ryan
-,-,-,Carrell,Scott E.
-,-,-,Lileeva,Alla
3074,26,40,Anderson,Eric T.
14628,56,314,Ferreira,Fernando
3189,17,18,Beaman,Lori
4773,33,83,Davis,Joseph H.
27931,68,513,Mas,Alexandre
3423,26,33,Jepsen,Christopher
3095,16,16,Bursztyn,Leonardo
5883,29,39,Aaronson,Daniel
3485,19,20,Levav,Jonathan
-,-,-,Gerardi,KristopherÂ S.
11715,45,74,Gorodnichenko,Yuriy
27741,60,130,Armitage,Christopher J.
8644,34,62,Wittman,Donald
-,-,-,van der Veen,Robert Jan
13287,42,74,Beaudry,Paul
6886,23,25,Kline,Patrick
11152,32,34,Allcott,Hunt
-,-,-,Voors,Maarten J
137,4,3,Alfaro,Laura
11515,39,54,BESSEMBINDER,HENDRIK
3702,22,26,DAHLQUIST,MAGNUS
2098,25,50,CIPRIANI,MARCO
287,6,6,DEFUSCO,ANTHONY A.
13400,70,164,KELLY,BRYAN
878,8,7,SERFLING,MATTHEW
-,-,-,LONGSTAFF,FRANCIS A.
5654,24,32,GARLAPPI,LORENZO
152,7,6,Wright,Thorin M.
5193,37,78,Boone,Christophe
4844,29,33,Benmelech,Efraim
-,-,-,Bauhr,Monika
370,10,11,Vlandas,Tim
-,-,-,Barta,ZsÃ³fia
1023,16,21,Hiskey,Jonathan T.
-,-,-,Tansey,OisÃ­n
663,11,12,Gray,Julia
-,-,-,Holland,Alisha C.
52,2,1,Turcu,Anca
5566,32,61,Ignazi,Piero
445,10,11,Maeda,Ko
1978,21,27,Hellwig,Timothy
314,7,7,Yadav,Vineeta
3312,32,66,Jennings,Will
-,-,-,Herron,Erik S.
7288,27,33,Wright,Matthew
-,-,-,DÃ¼r,Andreas
-,-,-,Garland,Marshall W.
43,3,2,Quamruzzaman,Amm
1264,12,13,Hideg,Ivona
-,-,-,Steffens,Niklas K.
148,5,3,Wyatt,Madeleine
-,-,-,Tskhay,Konstantin O.
-,-,-,Kalysh,Kateryna
621,9,9,Nohe,Christoph
221,5,4,Cheong,Minyoung
2215,16,16,Rosette,Ashleigh Shelby
-,-,-,Sadri,Golnaz
-,-,-,Li,Wen-Dong
23908,48,64,Chetty,Raj
117147,127,261,Lewis,E.
42800,53,95,Bertrand,Marianne
1117,17,22,Yeatman,Sara
755,13,15,Agranov,Marina
6275,30,40,Muralidharan,Karthik
-,-,-,Snyder,JamesÂ M.
3386,25,35,Antecol,Heather
1308,21,29,Kessler,Judd B.
1019,18,25,Ennser-Jedenastik,Laurenz
1400,20,26,Lavertu,StÃ©phane
158280,156,333,James,O.
13043,48,148,van Witteloostuijn,A.
-,-,-,Oberfield,Z. W.
1723,17,20,Pitts,D. W.
31238,36,47,Damanpour,F.
-,-,-,Alleva,Jessica M.
24753,81,181,BRADLEY,DANIEL
19047,29,34,FACCIO,MARA
591,12,15,Najeeb Shafiq,M.
-,-,-,Fox,Gerald T.
1435,14,22,Hidalgo,F. Daniel
-,-,-,De Ferrari,Ignazio
4936,29,38,Remmer,Karen L.
-,-,-,AytaÃ§,S. Erdem
2298,20,28,Canache,Damarys
4394,27,44,Sheafer,Tamir
3320,23,26,Crepaz,Markus M. L.
2947,23,29,Rehm,Philipp
1730,15,16,Lagakos,David
5402,41,98,Wang,Fang
-,-,-,Hillman,Nicholas W.
4061,21,24,Palardy,Gregory J.
-,-,-,Silverman,Sarah K.
23174,58,108,Heck,Ronald H.
201,4,3,Naseer,Saima
51508,103,826,Zhang,Yan
6016,36,41,Cole,Michael S.
-,-,-,LÃ³pez-Salido,David
-,-,-,Fryer,Roland G.
4091,21,24,Matsa,D. A.
13748,49,79,Finkelstein,Amy
-,-,-,Bottge,Brian A.
-,-,-,Boswell,Katelyn
-,-,-,Bottge,Brian A.
-,-,-,Behrman,Julia Andrea
438,11,11,Vitali,Agnese
-,-,-,Penner,Andrew M.
12996,36,53,Hall,Matthew
-,-,-,Kaneshiro,Matheu
3342,30,57,Kulu,Hill
10131,50,109,Raphael,Steven
-,-,-,Liang,James
5834,34,51,Donaldson,Dave
1365,8,8,Handley,Kyle
1166,13,14,Alsan,Marcella
94539,114,273,Aghion,Philippe
1308,21,29,Kessler,Judd B
83115,103,344,Reinhart,Carmen M
1282,11,12,Tanaka,Tomomi
6,2,0,Benjamin,Daniel J
250,9,9,Lu,Jiahuan
2071,19,24,Sabharwal,M.
-,-,-,Terman,Jessica N.
-,-,-,Kiefer,Tina
2017,20,25,Nowell,Branda
30897,74,246,Zhan,X.
10846,52,124,Lee,P.-C.
590,14,19,Teodoro,Manuel P.
394,13,16,Atkins,D. N.
-,-,-,Shrestha,M. K.
-,-,-,Gade,D. M.
-,-,-,Yackee,S. W.
-,-,-,Oosterwaal,A.
1107,6,6,Gallo,N.
454,10,10,Villadsen,A. R.
-,-,-,Moynihan,D. P.
6667,37,67,Carroll,D. A.
3625,24,35,CARVALHO,DANIEL