Citation All,h-index All,i10-index All,First_Name,Last_Name
600,10,10,BABENKO,ILONA
29599,53,99,Enders,Walter
337,6,5,Garriga,Ana Carolina
-,-,-,FernÃ¡ndez-Albertos,JosÃ©
19,3,0,Zakharova,Maria
136,5,5,Barber,Benjamin
-,-,-,PÃ©rez-ArmendÃ¡riz,Clarisa
-,-,-,Grigoryeva,Angelina
718,11,12,Hirsh,C. Elizabeth
736,9,8,HILL,DANIEL W.
1014,15,15,Hakhverdian,Armen
16092,56,198,Lutz,Wolfgang
-,-,-,Shelef,Nadav G.
-,-,-,Hegre,HÃ¥vard
2412,23,29,Tir,Jaroslav
4556,26,52,Miller,Ross A.
-,-,-,Ratner,Ely
2590,14,16,Cunningham,David E.
402,10,11,Rosset,Jan
10678,47,102,Wlezien,Christopher
-,-,-,Adida,Claire L.
1259,13,15,Goodman,Sara Wallace
3317,25,47,Anduiza,Eva
-,-,-,Kage,Rieko
854,15,17,Smith,Jason Matthew
-,-,-,BÃ¶rzel,Tanja A.
-,-,-,Dettrey,Bryan J.
18183,30,53,Bingham Powell,G.
-,-,-,Buckley,Pamela
1293,15,18,Gershenson,Seth
-,-,-,Olson,Carol Booth
4969,32,53,Grissom,Jason A.
478,10,10,Weiss,Mona
1704,13,14,Georgakakis,Dimitrios
99,3,2,Trichas,Savvas
3649,28,53,Kafetsios,Konstantinos
-,-,-,Antes,Alison L.
23339,60,114,Day,David V.
-,-,-,Nemanich,Louise A.
275,5,5,Piazza,Alessandro
-,-,-,Dumas,Tracy L.
22869,59,413,Farooq,Omer
8407,28,39,Berrone,Pascual
1596,17,18,Chen,Guoli
454,7,6,Cox Pahnke,Emily
585,10,10,Priesemuth,Manuela
-,-,-,Trougakos,John P.
34764,70,166,Autio,Erkko
47160,99,200,Shepherd,Dean A.
8,1,0,Shin,Jiseon
12905,47,57,Mayer,David M.
8130,40,67,Durand,R.
2446,14,16,Heimeriks,Koen H.
1344,11,11,Vissa,Balagopal
-,-,-,Hekman,David R.
11921,39,58,Joshi,Aparna
5312,28,34,Hirst,Giles
6209,45,72,Gottfried,Michael
60,3,1,King,Matthew T.
3551,28,51,Powell,Sarah R.
-,-,-,Wong,Venus W.
1931,23,45,Gage,Nicholas A.
-,-,-,Newman,Lynn A.
3551,28,51,Powell,Sarah R.
982,12,14,Hartley,Michael T.
-,-,-,Dunst,Carl J.
-,-,-,Farmer,Thomas W.
-,-,-,Simmons,Deborah C.
-,-,-,Brownell,Mary T.
-,-,-,Pilkauskas,Natasha V.
44,3,2,Kucheva,Yana
-,-,-,Mikolai,JÃºlia
3138,20,30,Delavande,Adeline
-,-,-,Alexander,J. Trent
4882,27,40,Desmond,Matthew
-,-,-,Nedoluzhko,Lesia
1550,19,35,Helleringer,StÃ©phane
222,9,9,Dillender,Marcus
2178,25,39,Reniers,Georges
5744,23,30,Joyner,Kara
397,11,12,DeWaard,Jack
-,-,-,Dariotis,Jacinda K.
664,7,5,Kaur,Supreet
3449,29,45,Mitra,Anirban
-,-,-,Kessler,Anke S.
10607,49,96,Kehoe,Timothy J.
-,-,-,Cabizuca,Mariana
8474,46,89,Haworth,Claire M. A.
-,-,-,Amsterlaw,Jennifer
18081,50,77,Fisman,Raymond
-,-,-,Bettinger,Eric P.
9390,39,53,Levinson,Arik
90027,77,186,Rajan,Raghuram
-,-,-,Jacobsen,Mark R.
11087,28,35,Amiti,Mary
42800,53,95,Bertrand,Marianne
5428,26,50,Field,Erica
26457,64,160,Ottaviano,Gianmarco I. P
3028,25,53,Dahl,Gordon B
22735,36,45,Ellison,Glenn
-,-,-,BÃ³,Pedro Dal
6457,25,30,Ashraf,Nava
365,6,6,Porter,Ethan
19,2,1,Holm,Jakob Majlund
717,15,16,McDonald,B. D.
-,-,-,Garrow,Eve E.
1060,18,25,Herian,M. N.
2664,28,44,Feeney,M. K.
7720,34,48,Soss,J.
6928,36,117,Hood,C.
23314,55,88,KAROLYI,G. ANDREW
1842,10,10,CHENG,ING-HAW
2097,9,9,FANG,VIVIAN W.
64317,92,221,BECK,THORSTEN
1846,8,7,FRACASSI,CESARE
1884,10,10,JULIO,BRANDON
9106,40,58,CESARINI,DAVID
2527,15,18,DICK,ASTRID A.
-,-,-,HUIZINGA,HARRY P.
98552,100,193,ROBERTS,MICHAEL R.
840,15,17,Ben-Eliyahu,Adar
-,-,-,Aelenei,Cristina
1201,15,17,Chen,Jason A.
1728,17,21,Fiorella,Logan
3322,26,40,Bol,Linda
3684,21,32,Zusho,Akane
-,-,-,Boone,Audra L.
6485,29,45,Greenwood,Robin
2509,16,16,Gormley,Todd
900,17,30,Wenger, Jeffrey B.
-,-,-,Algozzine,Bob
2738,25,31,Doren,Bonnie
10244,58,141,Carter,Erik W.
2722,24,43,Osborne,Lisa A.
-,-,-,Kirby, James B.
1691,23,35,Park, Julie
-,-,-,Steele, Fiona
2624,26,45,Akbulut,Yavuz
493,12,13,Mazumdar,Soumya
-,-,-,Llop,Sabrina
567,13,18,Morris,David S.
37,3,1,Colaner,Anna C.
11513,30,62,Taylor,Joseph A.
3804,25,49,Sullivan,Alice
65793,122,338,Stater,Mark
11,1,1,Kalmanovich-Cohen,Hanna
1084,6,6,Liao,Chenwei
62,4,1,Koseoglu,Gamze
-,-,-,Partlow,Paul J.
1320,18,22,Zhang,Xin-an
46855,73,104,Liden,Robert C.
973,15,16,Ogunfowora,Babatunde
-,-,-,van Ginkel,Wendy P.
-,-,-,Yang,Shih-ying
3117,24,40,Chun,Jae Uk
-,-,-,CrÃ©pon,Bruno
310515,200,662,To,Christopher
8101,37,101,Jensen,Michael
-,-,-,Bermiss,Y. Sekou
-,-,-,Stuart,H. Colleen
-,-,-,Dineen,Brian R.
2754,22,37,Aranda,Carmen
-,-,-,Shymko,Yuliya
-,-,-,Martin,Sean R.
25191,77,384,Kim,Yong H.
20,3,0,Holloway,Samuel S.
7556,22,25,Colbert,Amy E.
-,-,-,Haas,Martine R.
3378,14,15,Kapoor,Rahul
1852,13,14,Paruchuri,Srikanth
816,16,19,Kong,Dejun Tony
367,5,4,Ozmel,Umit
-,-,-,Gunia,Brian C.
-,-,-,Bae,Jonghoon
-,-,-,King,Eden B.
-,-,-,Reinholt,Mia
3146,18,27,Bode,Christoph
790,9,9,Zhang,Xiaomeng
6107,19,22,Cruz,Cristina C.
-,-,-,Kraatz,Matthew S.
1406,7,7,Yuan,Feirong
7109,27,34,Hmieleski,Keith M.
2895,13,14,Lange,Donald
-,-,-,Heugens,Pursey P. M. A. R.
2288,23,35,Rose,Chad A.
510,11,11,Ryoo,Ji Hoon
161,7,6,Mason-Williams,Loretta
-,-,-,Allor,Jill H.
-,-,-,Zumeta,Rebecca O.
-,-,-,Vu,Jennifer A.
2440,25,40,Roach,Andrew T.
946,14,18,Coker,David L.
30534,75,566,Meng,Xin
3302,22,33,Montez,Jennifer Karas
4830,35,78,Zimmer,Zachary
18579,34,46,Di Tella,Rafael
2612,16,22,Asker,John
-,-,-,Bos,E. H.
4500,31,66,Grant,P. M.
-,-,-,Miskowiak,K. W.
33,2,1,Mackin,D. M.
1509,15,19,Nam,I. S.
-,-,-,Hettema,J. M.
1304,18,24,Geoffroy,M.-C.
-,-,-,Schultz,C. C.
19321,72,145,van Straten,A.
1405,16,20,Korn,C. W.
186998,175,837,Fors,A.
1640,13,15,Ball,T. Manber
767,15,20,Harmer,C. J.
-,-,-,Keyes,K. M.
1853,24,39,Lux,V.
1280,22,32,Warden,D.
413,13,16,Rose,Susan A.
1169,19,24,Fyfe,Emily R.
-,-,-,Raby,K. Lee
-,-,-,Suor,Jennifer H.
-,-,-,Ng,Florrie Fei-Yin
8910,48,99,Graham,Sandra
-,-,-,Peterson,Candida C.
1941,11,11,Smith,Heather J.
11248,58,132,Veenstra,RenÃ©
-,-,-,Feddes,Allard R.
526,10,10,Nurmsoo,Erika
-,-,-,Shirtcliff,Elizabeth A.
3095,16,16,Bursztyn,Leonardo
1095,8,7,Casey,Katherine
-,-,-,Kleven,Henrik Jacobsen
68513,79,139,Angrist,Joshua
-,-,-,Miller,Nathan H
1087,15,21,Olsen,Asmus Leth
-,-,-,Paul Battaglio,R.
38237,71,127,Burton,Mark S.
-,-,-,Niec,Larissa N.
-,-,-,HAN,JOONGHO
2378,14,16,MCLEAN,R. DAVID
594,8,8,MURFIN,JUSTIN
1940,16,20,FRESARD,LAURENT
2522,17,17,Brancati,Dawn
1772,21,27,Fuhrmann,Matthew
18342,68,212,Martin,Andrew J.
-,-,-,Asterhan,Christa S.C.
62,3,1,Palermo,Corey
262,8,7,Lindner,Marlit Annalena
-,-,-,Hartwig,Marissa K.
-,-,-,Trevors,Gregory J.
-,-,-,Leroy,Nadia
10718,45,68,Byrnes,James P.
-,-,-,Rubie-Davies,Christine M.
26216,77,254,Hagger,Martin S.
-,-,-,Star,Jon R.
2185,15,15,Binder,Jens F.